{
	"class_name" : "ViewTrajectory",
	"interval" : 29,
	"is_loop" : false,
	"trajectory" : 
	[
		{
			"boundingbox_max" : [ 0.098081295490264897, 0.086900067627429967, 0.029999999999999999 ],
			"boundingbox_min" : [ -0.053416577279567716, -0.073087689578533177, -0.040748019814491269 ],
			"field_of_view" : 60.0,
			"front" : [ 0.38518705511320095, -0.30428304901231079, -0.8712306001610548 ],
			"lookat" : [ 0.019770074359111881, -0.010693855762773171, -0.0013385602772508054 ],
			"up" : [ -0.026536859105548039, -0.94733871419508053, 0.31913187821968542 ],
			"zoom" : 0.69999999999999996
		}
	],
	"version_major" : 1,
	"version_minor" : 0
}